keep,department,dept_code,program_code,program,2022-23_B,2023-24_B,2024-25_B,change_B,times,flags
y,Department of Finance Canada,FIN,BUV11,Market Debt and Foreign Reserves Management,31.698,42.692,48.098,16.4,1.52,
y,Canada Revenue Agency,CCRA,BRB01,Benefits,7.662,10.514,16.182,8.521,2.11,
n,Treasury Board of Canada Secretariat,TBC,BXC04,Public Service Employer Payments,3.756,3.85,10.654,6.897,2.84,
y,Crown-Indigenous Relations and Northern Affairs Canada,INAC,BWM03,Specific Claims,3.603,2.824,8.353,4.75,2.32,
y,National Defence,ND,BUR03,Aerospace Equipment Acquisition,0.945,1.728,3.264,2.318,3.45,
y,Public Health Agency of Canada,PHAC,BVQ03,Vaccination,2.463,2.99,0.318,-2.144,0.13,
y,Public Safety Canada,PSEP,BVU03,Emergency Response/Recovery,2.532,0.467,0.426,-2.107,0.17,
n,Department of Finance Canada,FIN,BUV03,Economic Development Policy,0.588,1.771,2.377,1.789,4.04,
y,Public Health Agency of Canada,PHAC,BVQ02,Communicable Disease and Infection Control,1.588,0.187,0.129,-1.459,0.08,
y,Veterans Affairs Canada,VAC,BWI16,Disability Benefits,2.738,3.02,4.191,1.452,1.53,
y,"Immigration, Refugees and Citizenship Canada",CI,BGE06,Asylum,0.904,1.393,2.287,1.383,2.53,
y,Canada Mortgage and Housing Corporation,CMHC,BGL00,Housing expertise and capacity development,0.169,1.192,1.342,1.173,7.92,
n,Export Development Canada,EDC,BXE01,Export Development Canada (Canada Account),1.606,10.523,0.583,-1.023,0.36,ONE-OFF? (middle year is way off)
y,Transport Canada,TC,BTX01,Climate Change and Clean Air,0.294,0.723,1.215,0.921,4.13,
n,"Innovation, Science and Economic Development Canada",ISC,BNP01,Business Innovation,1.429,2.102,2.346,0.916,1.64,
y,Natural Resources Canada,NR,BTM10,Energy Efficiency,0.357,0.776,1.194,0.837,3.35,
y,Fisheries and Oceans Canada,FO,BTI06,Fleet Procurement,0.388,0.639,1.186,0.797,3.05,
y,National Defence,ND,BUN03,International Operations,0.351,0.528,0.983,0.632,2.8,
n,Department of Finance Canada,FIN,BUV10,Commitments to International Financial Organizations,1.13,0.614,0.555,-0.575,0.49,
y,Environment and Climate Change Canada,EC,BGR03,Climate Change Adaptation,0.021,0.024,0.57,0.549,27.25,
n,Natural Resources Canada,NR,BTO05,Statutory Offshore Payments,0.477,0.64,0.987,0.51,2.07,
n,Canada Mortgage and Housing Corporation,CMHC,BGK00,Financing for housing,0.898,1.354,1.361,0.463,1.52,
y,"Immigration, Refugees and Citizenship Canada",CI,BGE05,Refugee Resettlement,1.067,1.053,0.64,-0.427,0.6,
n,National Defence,ND,ISS03,Legal Services,0.498,0.142,0.091,-0.407,0.18,
n,Employment and Social Development Canada,HRSD,BGM02,Social Development Partnerships Program,0.474,0.104,0.082,-0.392,0.17,
n,National Defence,ND,BUQ04,Air and Space Force Development,0.097,0.688,0.481,0.384,4.97,
n,Transport Canada,TC,BTY04,National Trade Corridors,0.24,0.484,0.556,0.316,2.31,
n,National Defence,ND,BUR02,Land Equipment Acquisition,0.513,0.474,0.82,0.306,1.6,
n,Crown-Indigenous Relations and Northern Affairs Canada,INAC,BWR08,Northern Contaminated Sites,0.269,0.445,0.568,0.299,2.11,
n,Environment and Climate Change Canada,EC,BGR01,Clean Growth and Climate Change Mitigation,0.308,0.462,0.579,0.271,1.88,
n,Public Health Agency of Canada,PHAC,BVQ01,Laboratory Science Leadership and Services,0.441,0.195,0.171,-0.27,0.39,
n,Federal Economic Development Agency for Southern Ontario,FEDSO,BNM12,Community Economic Development and Diversification,0.328,0.122,0.06,-0.268,0.18,
y,Office of Infrastructure of Canada,OICC,BYB04,Homelessness Funding Oversight,0.489,0.603,0.752,0.263,1.54,
n,Canada Economic Development for Quebec Regions,FORDQ,BLL03,Targeted or temporary support,0.273,0.26,0.027,-0.246,0.1,
y,Public Services and Procurement Canada,GSC,BVW01,Federal Pay Administration,0.453,0.599,0.683,0.231,1.51,
n,Fisheries and Oceans Canada,FO,BTG04,Marine Planning and Conservation,0.084,0.089,0.286,0.202,3.39,
n,"Immigration, Refugees and Citizenship Canada",CI,BGF02,Passport,0.318,0.126,0.121,-0.197,0.38,
n,Public Health Agency of Canada,PHAC,BVR01,Emergency Preparedness and Response,0.42,0.284,0.245,-0.175,0.58,
n,National Defence,ND,BUP06,Military Member and Family Support,0.164,0.176,0.327,0.163,1.99,
n,Global Affairs Canada,EA,BVD05,Peace and Stabilization Operations,0.19,0.199,0.344,0.154,1.81,
