department,dept_code,program_code,program,plain_name,2022-23_B,2023-24_B,2024-25_B,change_B,times,flags,title,summary
Department of Finance Canada,FIN,BUV11,Market Debt and Foreign Reserves Management,interest on the federal debt,31.698,42.692,48.098,16.4,1.52,,Interest on the federal debt rose 52% in two years,The federal government spent $48.1 billion in 2024-25 on interest on the money it borrows and on managing Canada's foreign reserves. That's up from $31.7 billion in 2022-23.
Canada Revenue Agency,CCRA,BRB01,Benefits,benefits paid out through the CRA,7.662,10.514,16.182,8.521,2.11,,Benefits paid through the CRA more than doubled in two years,"The Canada Revenue Agency paid out $16.2 billion through its benefits program in 2024-25, up from $7.7 billion in 2022-23. The CRA delivers these payments on behalf of the federal government."
Crown-Indigenous Relations and Northern Affairs Canada,INAC,BWM03,Specific Claims,settling Indigenous land claims,3.603,2.824,8.353,4.75,2.32,,Spending to settle First Nations land claims more than doubled,"Crown-Indigenous Relations spent $8.4 billion on specific claims in 2024-25, up from $3.6 billion in 2022-23. Specific claims settle First Nations grievances over treaties, reserve lands and other assets."
National Defence,ND,BUR03,Aerospace Equipment Acquisition,military aircraft,0.945,1.728,3.264,2.318,3.45,,Military aircraft purchases more than tripled in two years,"National Defence spent $3.3 billion buying aircraft and related equipment in 2024-25, up from $945 million in 2022-23."
Public Health Agency of Canada,PHAC,BVQ03,Vaccination,vaccination programs,2.463,2.99,0.318,-2.144,0.13,,Vaccination spending fell 87% in two years,The Public Health Agency of Canada spent $318 million on vaccination in 2024-25. That's down from $2.5 billion in 2022-23 and $3.0 billion in 2023-24.
Public Safety Canada,PSEP,BVU03,Emergency Response/Recovery,emergency response and disaster recovery,2.532,0.467,0.426,-2.107,0.17,,Emergency response and recovery spending fell 83% in two years,Public Safety Canada spent $426 million on emergency response and recovery in 2024-25. That's down from $2.5 billion in 2022-23 and $467 million in 2023-24.
Public Health Agency of Canada,PHAC,BVQ02,Communicable Disease and Infection Control,infectious disease control,1.588,0.187,0.129,-1.459,0.08,,Infectious disease control spending fell 92% in two years,"The Public Health Agency of Canada spent $129 million on communicable disease and infection control in 2024-25, down from $1.6 billion in 2022-23."
Veterans Affairs Canada,VAC,BWI16,Disability Benefits,veterans' disability benefits,2.738,3.02,4.191,1.452,1.53,,Veterans' disability benefits rose 53% in two years,"Veterans Affairs Canada paid $4.2 billion in disability benefits in 2024-25, up from $2.7 billion in 2022-23."
"Immigration, Refugees and Citizenship Canada",CI,BGE06,Asylum,asylum claims,0.904,1.393,2.287,1.383,2.53,,Spending on asylum claims more than doubled in two years,"Immigration, Refugees and Citizenship Canada spent $2.3 billion on its asylum program in 2024-25, up from $904 million in 2022-23."
Canada Mortgage and Housing Corporation,CMHC,BGL00,Housing expertise and capacity development,housing capacity funding,0.169,1.192,1.342,1.173,7.92,,CMHC housing capacity funding grew more than 7-fold in two years,"Canada Mortgage and Housing Corporation spent $1.3 billion on housing expertise and capacity development in 2024-25, up from $169 million in 2022-23."
Transport Canada,TC,BTX01,Climate Change and Clean Air,clean transportation programs,0.294,0.723,1.215,0.921,4.13,,Transport Canada's climate spending grew more than 4-fold,"Transport Canada spent $1.2 billion on its climate change and clean air programs in 2024-25, up from $294 million in 2022-23."
Natural Resources Canada,NR,BTM10,Energy Efficiency,energy efficiency programs,0.357,0.776,1.194,0.837,3.35,,Energy efficiency spending more than tripled in two years,"Natural Resources Canada spent $1.2 billion on energy efficiency programs in 2024-25, up from $357 million in 2022-23."
Fisheries and Oceans Canada,FO,BTI06,Fleet Procurement,new Coast Guard ships,0.388,0.639,1.186,0.797,3.05,,Spending on new Coast Guard ships more than tripled,"Fisheries and Oceans Canada spent $1.2 billion on fleet procurement in 2024-25, up from $388 million in 2022-23. This program buys new vessels for the Canadian Coast Guard."
National Defence,ND,BUN03,International Operations,military operations abroad,0.351,0.528,0.983,0.632,2.8,,Spending on military operations abroad more than doubled,"National Defence spent $983 million on international operations in 2024-25, up from $351 million in 2022-23."
Environment and Climate Change Canada,EC,BGR03,Climate Change Adaptation,climate adaptation,0.021,0.024,0.57,0.549,27.25,,Climate adaptation spending grew more than 27-fold in two years,"Environment and Climate Change Canada spent $570 million on climate change adaptation in 2024-25, up from $21 million in 2022-23."
"Immigration, Refugees and Citizenship Canada",CI,BGE05,Refugee Resettlement,refugee resettlement,1.067,1.053,0.64,-0.427,0.6,,Refugee resettlement spending fell 40% in two years,"Immigration, Refugees and Citizenship Canada spent $640 million resettling refugees in 2024-25, down from $1.1 billion in 2022-23."
Office of Infrastructure of Canada,OICC,BYB04,Homelessness Funding Oversight,homelessness funding,0.489,0.603,0.752,0.263,1.54,,Federal homelessness funding rose 54% in two years,"Infrastructure Canada spent $752 million on homelessness funding in 2024-25, up from $489 million in 2022-23."
Public Services and Procurement Canada,GSC,BVW01,Federal Pay Administration,federal payroll,0.453,0.599,0.683,0.231,1.51,,Cost of running the federal payroll rose 51% in two years,"Public Services and Procurement Canada spent $683 million administering pay for federal public servants in 2024-25, up from $453 million in 2022-23."
